ticker,company_name,sector,industry,current_price,market_cap,financial_score,moat_score,risk_deduction,total_score,passing,dividend_yield
JNJ,Johnson & Johnson,Healthcare,Drug Manufacturers - General,201.93,486508953600,4.0,3.5,0,7.5,True,2.58
PFE,Pfizer Inc.,Healthcare,Drug Manufacturers - General,26.03,147998982144,4.0,3.5,0,7.5,True,6.61
TMO,Thermo Fisher Scientific Inc.,Healthcare,Diagnostics & Research,572.77,215194320896,4.0,3.5,0,7.5,True,0.3
MRK,"Merck & Co., Inc.",Healthcare,Drug Manufacturers - General,99.72,249078956032,4.0,3.5,0,7.5,True,3.41
GILD,"Gilead Sciences, Inc.",Healthcare,Drug Manufacturers - General,121.22,150410608640,4.0,3.5,0,7.5,True,2.61
LLY,Eli Lilly and Company,Healthcare,Drug Manufacturers - General,1010.31,905699262464,4.0,3.5,0,7.5,True,0.59
ABT,Abbott Laboratories,Healthcare,Medical Devices,125.08,217696616448,4.0,3.5,0,7.5,True,1.89
WST,"West Pharmaceutical Services, Inc.",Healthcare,Medical Instruments & Supplies,280.23,20160702464,4.0,3.0,0,7.0,True,0.31
BDX,"Becton, Dickinson and Company",Healthcare,Medical Instruments & Supplies,193.96,55594262528,4.0,2.5,0,6.5,False,2.17
SYK,Stryker Corporation,Healthcare,Medical Devices,364.02,139209850880,4.0,2.5,0,6.5,False,0.92
UNH,UnitedHealth Group Incorporated,Healthcare,Healthcare Plans,330.91,299751047168,4.0,2.5,0,6.5,False,2.67
DHR,Danaher Corporation,Healthcare,Diagnostics & Research,226.25,162006663168,4.0,2.5,0,6.5,False,0.57
CI,The Cigna Group,Healthcare,Healthcare Plans,265.44,70905880576,4.0,2.5,0,6.5,False,2.28
ATR,"AptarGroup, Inc.",Healthcare,Medical Instruments & Supplies,121.91,8031494656,4.0,2.5,0,6.5,False,1.57
MDT,Medtronic plc,Healthcare,Medical Devices,101.36,130005966848,4.0,2.5,0,6.5,False,2.8
ABBV,AbbVie Inc.,Healthcare,Drug Manufacturers - General,226.08,399570305024,3.5,2.5,0,6.0,False,3.06
CAH,"Cardinal Health, Inc.",Healthcare,Medical Distribution,198.83,47241023488,3.5,2.0,0,5.5,False,1.03
